origin,dest,count
SRB,CZE,23275
SRB,DEU,3113920
SRB,NLD,154624
SRB,TUR,96130089
SRB,ITA,634621
SRB,BEL,23555
SRB,BIH,230485
SRB,HRV,533240
SRB,HUN,608200
SRB,POL,472370
SRB,ROM,6168560
SRB,SVN,34695080
SRB,ALB,46474580
SRB,AUT,25000
SRB,BGR,26488169
SRB,MNE,1769366
SRB,GRC,7068322
SRB,MKD,75689596
CZE,FRA,3300868
CZE,DEU,856821251
CZE,JPN,2254385
CZE,KOR,80920320
CZE,ESP,193840
CZE,CHE,3075
CZE,USA,1
CZE,NLD,11094101
CZE,ARE,21371
CZE,CHN,3365009
CZE,HKG,2654
CZE,ITA,326235527
CZE,BEL,7283547
CZE,HRV,89064
CZE,HUN,892778
CZE,POL,299013158
CZE,IND,88060
CZE,SVK,70978457
CZE,SVN,73520086
CZE,SWE,1191958
CZE,GBR,60302
CZE,MYS,2510
CZE,AUT,439571200
CZE,CAN,1792
CZE,DNK,16588470
CZE,LVA,645898
CZE,VNM,36740
CZE,TUN,394
CZE,PAK,3840131
CZE,DZA,1346
FRA,CZE,406669
FRA,DEU,447791168
FRA,JPN,121185
FRA,KOR,2602304
FRA,ESP,1675052059
FRA,CHE,73259958
FRA,USA,380688
FRA,NLD,79486837
FRA,RUS,1555491
FRA,ARE,5803770
FRA,TUR,349175096
FRA,BRA,85205
FRA,CHN,19281087
FRA,HKG,5464601
FRA,ITA,688628571
FRA,NCL,36
FRA,ZAF,1896025
FRA,BEL,1842800372
FRA,IRL,54432
FRA,POL,3055784
FRA,ROM,108488
FRA,IND,42798204
FRA,SVK,410926
FRA,SWE,15564535
FRA,GBR,2611004
FRA,LKA,8000
FRA,MYS,269570
FRA,UKR,40230
FRA,AUT,1262530
FRA,BOL,5
FRA,CAN,16220
FRA,DNK,314625
FRA,EST,355020
FRA,FIN,888648
FRA,GEO,2000
FRA,LVA,910670
FRA,LUX,1231754508
FRA,MEX,13181
FRA,PRT,91810316
FRA,VNM,5099015
FRA,THA,883080
FRA,TUN,46971
FRA,MNE,7300
FRA,NAM,12000
FRA,IDN,332322
FRA,SGP,3748026
FRA,GRC,37667954
FRA,TTO,55
FRA,VUT,7960
FRA,PAK,17419000
FRA,PHL,189340
FRA,LBN,1
FRA,MDG,139570
FRA,DOM,42401
FRA,CMR,606
FRA,MAR,98373251
FRA,KWT,43000
FRA,MAC,48720
FRA,MUS,409605
FRA,CIV,68
FRA,DZA,83647
FRA,QAT,8134
FRA,SUR,1,00E+05
DEU,SRB,27401
DEU,CZE,14645885
DEU,FRA,894015915
DEU,JPN,587677
DEU,KOR,861360
DEU,ESP,315251300
DEU,CHE,306300993
DEU,USA,187693
DEU,KAZ,0
DEU,NLD,1978707238
DEU,RUS,9073
DEU,ARE,296387
DEU,TUR,594545033
DEU,BRA,8581
DEU,AUS,20586
DEU,CHN,32283625
DEU,HKG,3757968
DEU,ITA,1757212259
DEU,ZAF,107740
DEU,BEL,1369575933
DEU,BIH,159429
DEU,HRV,45405
DEU,HUN,1625926
DEU,IRL,7530
DEU,POL,41351427
DEU,ROM,149708
DEU,IND,209388204
DEU,SVK,2702014
DEU,SVN,121875247
DEU,SWE,58128313
DEU,GBR,19848004
DEU,MYS,7102205
DEU,SAU,3.7e+07
DEU,AZE,1460
DEU,AUT,476638700
DEU,BGR,126007
DEU,CAN,41000
DEU,COL,182433
DEU,DNK,41196551
DEU,FIN,156029788
DEU,ISR,8976
DEU,LVA,683008
DEU,LTU,1151196
DEU,LUX,1260843424
DEU,MEX,214
DEU,NOR,86188
DEU,PRT,62515851
DEU,VNM,136070
DEU,THA,1078743
DEU,URY,135220
DEU,ARG,1058758
DEU,CHL,1
DEU,MNE,1470
DEU,IDN,820520
DEU,SGP,664120
DEU,GRC,58620
DEU,EGY,67392350
DEU,PAK,26976582
DEU,MAR,25240695
DEU,OMN,1324340
DEU,JOR,446437
DEU,BGD,14436795
DEU,DZA,21584
DEU,QAT,12852
DEU,BHR,163842
DEU,SYR,3200
DEU,VGB,496
JPN,CZE,62702
JPN,FRA,200
JPN,DEU,122135
JPN,KOR,3826530829
JPN,ESP,9844
JPN,USA,498074
JPN,KAZ,500
JPN,NLD,121552
JPN,RUS,67578
JPN,ARE,7573803
JPN,BRA,3291
JPN,CHN,2138386066
JPN,HKG,29142185
JPN,ITA,73780
JPN,ZAF,1500
JPN,BEL,607252
JPN,IRL,271
JPN,POL,228
JPN,IND,7984043
JPN,SWE,83000
JPN,GBR,16188
JPN,MYS,5238658
JPN,SAU,238330
JPN,CAN,209270
JPN,LUX,1750
JPN,MEX,9231
JPN,NOR,37007
JPN,PRT,1760
JPN,VNM,752892998
JPN,THA,6119544
JPN,IDN,50203787
JPN,SGP,5448871
JPN,TZA,386
JPN,EGY,300
JPN,PAK,6691000
JPN,PHL,349217
JPN,DOM,109
JPN,NIC,1704
JPN,CMR,90
JPN,KWT,21300000
JPN,JOR,23840
JPN,DZA,2347
JPN,KHM,13410
JPN,PLW,4
JPN,QAT,2284
JPN,MMR,44757
JPN,BHR,86546
JPN,UGA,1476
JPN,LAO,5514
KOR,DEU,144781
KOR,JPN,99344690
KOR,ESP,693
KOR,USA,444109
KOR,NLD,130293
KOR,ARE,906760
KOR,TUR,937325
KOR,CHN,104473397
KOR,HKG,3295682
KOR,ZAF,6000
KOR,BEL,17995
KOR,IND,48926698
KOR,GBR,426917
KOR,MYS,11993548
KOR,SAU,258
KOR,AZE,1296
KOR,CAN,2259
KOR,COL,183899
KOR,MEX,18145
KOR,VNM,13584749
KOR,THA,20018637
KOR,IDN,9074771
KOR,SGP,787557
KOR,ECU,855011
KOR,PAK,5125000
KOR,IRN,1529960
KOR,JOR,2546368
KOR,DZA,1248
KOR,QAT,1644
KOR,IRQ,16281
ESP,FRA,49753828
ESP,DEU,7178090
ESP,JPN,417008
ESP,KOR,579300
ESP,CHE,0
ESP,USA,78604
ESP,NLD,30242150
ESP,ARE,286045
ESP,TUR,49429673
ESP,BRA,16570
ESP,PRY,1600
ESP,CHN,10921089
ESP,HKG,1591303
ESP,ITA,8078687
ESP,NCL,1
ESP,ZAF,500
ESP,BEL,16855030
ESP,HUN,20267
ESP,IRL,27756
ESP,POL,14430
ESP,ROM,70
ESP,IND,10221375
ESP,SWE,1741000
ESP,GBR,23170252
ESP,ALB,8945529
ESP,AUT,1522400
ESP,BOL,17
ESP,BGR,11230026
ESP,CAN,9000
ESP,COL,20000
ESP,DNK,619488
ESP,FIN,173269
ESP,LUX,2741730
ESP,MEX,1500
ESP,NOR,96463
ESP,PRT,411125924
ESP,THA,500959
ESP,IDN,288520
ESP,SGP,52740
ESP,GRC,25600903
ESP,PAK,11919000
ESP,VEN,1,00E+05
ESP,DOM,352
ESP,CMR,4000
ESP,MAR,3007335
ESP,ARB,312
ESP,IRN,18
ESP,DZA,3356
ESP,QAT,5
ESP,MRT,7000
CHE,CZE,34319
CHE,FRA,74905557
CHE,DEU,252603092
CHE,ESP,76284
CHE,USA,2
CHE,NLD,40199519
CHE,ARE,155500
CHE,CHN,231376
CHE,HKG,818520
CHE,ITA,185991158
CHE,BEL,14529753
CHE,HRV,2272
CHE,HUN,159
CHE,POL,1503
CHE,IND,831610
CHE,SVN,2917856
CHE,SWE,26130
CHE,GBR,24234
CHE,MYS,2029382
CHE,SAU,202
CHE,AUT,83435553
CHE,BOL,1000
CHE,CAN,1000
CHE,LVA,22993
CHE,LUX,10503230
CHE,MEX,14965
CHE,PRT,5530
CHE,THA,824
CHE,TUN,19885
CHE,PAK,2687000
CHE,MAR,121290
CHE,OMN,1000
CHE,DZA,2500
USA,CZE,36864
USA,FRA,2697818
USA,DEU,14243079
USA,JPN,115958477
USA,KOR,1798365810
USA,ESP,80369011
USA,CHE,943274
USA,KAZ,2
USA,NLD,4736741
USA,RUS,25719
USA,ARE,49322029
USA,TUR,3990292840
USA,BRA,1469588
USA,AUS,307797
USA,CHN,1591505787
USA,KIR,19661
USA,HKG,87734530
USA,ITA,79100974
USA,NZL,990402
USA,ZAF,1691
USA,BEL,27949427
USA,BIH,3300
USA,HRV,2820
USA,HUN,683
USA,IRL,184809
USA,POL,51365
USA,ROM,23665
USA,IND,593471423
USA,SVN,3318
USA,SWE,6042024
USA,GBR,6283502
USA,LKA,255199
USA,MYS,469489419
USA,SAU,236244152
USA,UKR,574
USA,AZE,0
USA,AUT,12028150
USA,BOL,38
USA,CAN,2914407960
USA,COL,1621442
USA,DNK,18451
USA,EST,10560
USA,FIN,19605
USA,GEO,96387
USA,GIN,10000
USA,ISL,94
USA,ISR,194247
USA,LTU,4610
USA,LUX,35738
USA,MEX,901963863
USA,NOR,21032
USA,PER,230030596
USA,PRT,5795253
USA,VNM,314918209
USA,THA,488278769
USA,TUN,20088
USA,URY,4028
USA,ARG,498823
USA,CHL,1615743
USA,IDN,358273037
USA,SGP,1254268
USA,GRC,34055
USA,TZA,15
USA,GNQ,16228
USA,EGY,811826892
USA,PAN,49601
USA,TTO,932590
USA,ECU,133675050
USA,PAK,387991992
USA,PHL,2020370
USA,VEN,402293
USA,VCT,7208
USA,CRI,186964
USA,DOM,2384019
USA,HND,305321
USA,NIC,27998
USA,GTM,178044
USA,ETH,666
USA,BHS,85626
USA,LBY,274115
USA,MAR,52628809
USA,SEN,35518
USA,BLZ,76968
USA,SLV,274973
USA,KWT,453614643
USA,MAC,24115
USA,OMN,62738
USA,JOR,930724
USA,BGD,15401646
USA,CIV,508000
USA,DZA,1245
USA,GUY,15933
USA,JAM,848649
USA,PLW,177
USA,QAT,41039190
USA,SUR,211765
USA,BRB,134874
USA,GHA,56687
USA,AFG,43871
USA,BHR,514047
USA,LAO,2399148
USA,CYM,198389
USA,MNG,18
USA,VAT,339347
USA,TJK,308361
KAZ,FRA,4000
KAZ,DEU,4957793
KAZ,KOR,300
KAZ,NLD,5164888
KAZ,RUS,254529859
KAZ,TUR,7677415
KAZ,CHN,913990
KAZ,POL,98428
KAZ,GBR,20000
KAZ,UKR,24192620
KAZ,AZE,17516335
KAZ,LVA,3327001
KAZ,LTU,3986270
KAZ,BLR,20000
NLD,CZE,4146232
NLD,FRA,151446808
NLD,DEU,1166096667
NLD,KOR,88473927
NLD,ESP,298071653
NLD,CHE,2100
NLD,USA,160692662
NLD,RUS,57091
NLD,ARE,161110
NLD,TUR,1490897920
NLD,BRA,1449410
NLD,AUS,20865
NLD,CHN,124303690
NLD,HKG,2707999
NLD,ITA,4886818
NLD,BEL,1317858929
NLD,HUN,45142
NLD,IRL,17600
NLD,POL,5255765
NLD,ROM,4274
NLD,IND,136621795
NLD,SVK,260000
NLD,SVN,38480
NLD,SWE,2589000
NLD,GBR,12909165
NLD,SAU,34211670
NLD,AZE,4960
NLD,AUT,226000
NLD,CAN,2638
NLD,COL,9200
NLD,DNK,95694
NLD,EST,1
NLD,FIN,416810434
NLD,LVA,138
NLD,LTU,22369
NLD,LUX,120607061
NLD,NOR,1
NLD,PRT,17062342
NLD,VNM,5719450
NLD,THA,85691
NLD,SGP,122440
NLD,GRC,822
NLD,EGY,167569531
NLD,PAK,18062000
NLD,DOM,10563
NLD,BGD,3379820
NLD,SUR,5325
RUS,CZE,39660
RUS,FRA,106950469
RUS,DEU,100807660
RUS,JPN,18411
RUS,KOR,964843990
RUS,ESP,694217801
RUS,CHE,39500
RUS,USA,3847732
RUS,KAZ,3184808
RUS,NLD,119522718
RUS,ARE,25510
RUS,TUR,2807965780
RUS,CHN,25319750
RUS,HKG,1505339
RUS,ITA,50245753
RUS,ZAF,3193185
RUS,BEL,12213807
RUS,CYP,36124
RUS,POL,31112407
RUS,IND,22779229
RUS,SVK,2565
RUS,SVN,75280
RUS,SWE,4601155
RUS,GBR,2063035
RUS,UKR,981904
RUS,ALB,13400000
RUS,AZE,1914
RUS,AUT,2608
RUS,BGR,254827
RUS,EST,7162329
RUS,FIN,16730
RUS,GEO,112000
RUS,LVA,48995166
RUS,LTU,8756716
RUS,PRT,61145040
RUS,VNM,480794
RUS,THA,2960700
RUS,SGP,295322
RUS,GRC,2500000
RUS,EGY,38260000
RUS,PAK,56752000
RUS,BLR,1244382761
RUS,IRN,13848
RUS,MDA,1233450
RUS,TKM,7370
RUS,UZB,386200
RUS,BLZ,2280562
RUS,ARM,3217665
RUS,MNG,66511
ARE,FRA,122
ARE,DEU,2744
ARE,JPN,22790
ARE,KOR,10621429
ARE,CHE,16000
ARE,NLD,5214123
ARE,RUS,60333
ARE,TUR,7005000
ARE,BRA,6512
ARE,CHN,33498623
ARE,HKG,488051
ARE,ITA,23400
ARE,BEL,111160
ARE,IND,1125267962
ARE,SOM,880340
ARE,GBR,1405078
ARE,LKA,1748000
ARE,MYS,3829670
ARE,SAU,194330
ARE,AZE,492850
ARE,FIN,28480
ARE,GEO,368860
ARE,KEN,260090
ARE,LTU,2460
ARE,VNM,8035260
ARE,THA,4781600
ARE,TUN,24000
ARE,COG,24000
ARE,IDN,11358740
ARE,SGP,273870
ARE,TZA,584332
ARE,PAK,344831135
ARE,LBN,1535192
ARE,ETH,1500
ARE,LBY,432918
ARE,IRN,3164518
ARE,KGZ,5529
ARE,TKM,38700
ARE,YEM,12000
ARE,KWT,458851
ARE,OMN,269809500
ARE,JOR,244280
ARE,BGD,13681619
ARE,DZA,4860000
ARE,AGO,61220
ARE,QAT,11590140
ARE,AFG,2538730
ARE,BHR,70000
ARE,MRT,167300
ARE,IRQ,15000
ARE,MDV,100100
TUR,CZE,26450
TUR,FRA,7830188
TUR,DEU,5788643
TUR,JPN,763245
TUR,KOR,9045800
TUR,ESP,38698129
TUR,USA,693016
TUR,KAZ,265
TUR,NLD,72007959
TUR,RUS,92
TUR,ARE,2397997
TUR,CHN,43060
TUR,HKG,55950
TUR,ITA,172832
TUR,ZAF,601
TUR,BEL,2473468
TUR,HUN,297
TUR,ROM,3399
TUR,IND,10935565
TUR,SVN,3,00E+05
TUR,SWE,79917
TUR,GBR,9581030
TUR,SAU,123781
TUR,UKR,2606922
TUR,ALB,1442170
TUR,AZE,7120
TUR,AUT,6360
TUR,BGR,9640
TUR,CAN,1250000
TUR,DNK,23420
TUR,GEO,25200
TUR,ISR,1444
TUR,NGA,107877
TUR,THA,874160
TUR,TUN,2550
TUR,SGP,1528820
TUR,GRC,426973
TUR,EGY,627611
TUR,PAK,348000
TUR,LBY,20800
TUR,IRN,1188
TUR,TKM,61641
TUR,DZA,9510
TUR,QAT,689
TUR,BHR,61
TUR,SYR,404359
TUR,IRQ,44096
BRA,DEU,789857
BRA,JPN,63499
BRA,KOR,34587416
BRA,ESP,4682267
BRA,USA,16225062
BRA,NLD,17050333
BRA,ARE,1556650
BRA,PRY,86504
BRA,CHN,21215538
BRA,HKG,2891423
BRA,ITA,3014655
BRA,BEL,2042781
BRA,IND,115941295
BRA,GBR,380440
BRA,MYS,468880
BRA,BOL,7110
BRA,CAN,2531000
BRA,COL,78156
BRA,MEX,48718
BRA,VNM,81929760
BRA,THA,11056990
BRA,ARG,350000
BRA,CHL,1621
BRA,IDN,264061727
BRA,SGP,3909683
BRA,PAK,9000993
BRA,PHL,490460
BRA,NIC,20546
BRA,BGD,39229320
BRA,GUY,21147
BRA,SUR,22000
PRY,KOR,4879000
PRY,ESP,1018332
PRY,USA,608810
PRY,NLD,1657305
PRY,BRA,13650000
PRY,CHN,1881415
PRY,ZAF,25540
PRY,BEL,50000
PRY,IND,3754140
PRY,CAN,99000
PRY,VNM,37692926
PRY,THA,3550710
PRY,ARG,19999530
PRY,IDN,266180
PRY,PAK,284040
AUS,CZE,236619
AUS,FRA,91845
AUS,DEU,57197
AUS,JPN,18971525
AUS,KOR,104706990
AUS,ESP,53500
AUS,USA,1933020
AUS,NLD,842612
AUS,ARE,56540133
AUS,BRA,396620
AUS,CHN,56241724
AUS,FJI,18300
AUS,HKG,7499634
AUS,NCL,653
AUS,NZL,572743
AUS,PNG,282846
AUS,ZAF,59281
AUS,BEL,557996
AUS,IND,244540083
AUS,SVN,250
AUS,SWE,14000
AUS,GBR,2014087
AUS,LKA,64300
AUS,MYS,202574364
AUS,SAU,27498396
AUS,CAN,375136
AUS,GIN,18000
AUS,MEX,3000
AUS,NGA,87000
AUS,NOR,11200
AUS,SLE,10000
AUS,VNM,530704093
AUS,THA,403186370
AUS,CHL,2513
AUS,IDN,353168923
AUS,SGP,42243039
AUS,TZA,16145
AUS,EGY,44150
AUS,PAK,49305465
AUS,PHL,120151
AUS,LBN,47000
AUS,MLI,468000
AUS,KWT,55858023
AUS,BGD,57825714
AUS,QAT,1
AUS,TON,3035
AUS,BHR,328109
AUS,IRQ,69200
AUS,NPL,504467
AUS,TMP,20
CHN,CZE,1718
CHN,FRA,329190
CHN,DEU,160897
CHN,JPN,4053837
CHN,KOR,9198587
CHN,ESP,268938
CHN,CHE,41
CHN,USA,92382
CHN,NLD,346755
CHN,RUS,10026
CHN,ARE,15905615
CHN,TUR,24750
CHN,BRA,239
CHN,AUS,210840
CHN,FJI,69
CHN,HKG,28973604
CHN,ITA,153019
CHN,NZL,6500
CHN,ZAF,90106
CHN,WSM,10240
CHN,BEL,507323
CHN,HUN,315
CHN,IRL,1351
CHN,POL,2075
CHN,ROM,19200
CHN,IND,682000
CHN,SVK,9615
CHN,SVN,617
CHN,SWE,63708
CHN,GBR,38700
CHN,LKA,1025092
CHN,MYS,2370553
CHN,UKR,2862
CHN,AUT,37200
CHN,BOL,4488
CHN,BGR,18145
CHN,CAN,282514
CHN,COL,491700
CHN,DNK,72
CHN,EST,4568
CHN,FIN,3543
CHN,GIN,28434
CHN,ISR,613
CHN,LVA,10
CHN,LTU,6000
CHN,MEX,8710
CHN,NGA,6
CHN,NOR,3912
CHN,PRT,12
CHN,VNM,61992
CHN,THA,8036944
CHN,URY,55183
CHN,CHL,50001
CHN,ZMB,7167
CHN,COG,3440
CHN,IDN,3
CHN,SGP,2136452
CHN,GRC,17700
CHN,TZA,101773
CHN,EGY,465861
CHN,PAN,6000
CHN,ECU,22680
CHN,PAK,1184000
CHN,MDG,973
CHN,NIC,41586
CHN,ETH,100189
CHN,CMR,500
CHN,SLV,22379
CHN,MAC,32476
CHN,MUS,523
CHN,OMN,28000
CHN,JOR,348680
CHN,KHM,60551
CHN,PLW,85
CHN,QAT,60904
CHN,TON,65649
CHN,GHA,2758
CHN,BHR,2667967
CHN,BDI,76
CHN,UGA,7390
CHN,NPL,4
CHN,RWA,651
CHN,MNG,80805
CHN,NER,5000
FJI,KOR,5476335
FJI,AUS,273037
FJI,HKG,23900
FJI,NZL,2273565
FJI,IDN,3181160
FJI,SGP,43770
FJI,VUT,43
FJI,TUV,12370
FJI,WLF,101
KIR,AUS,34510
KIR,FJI,19500
HKG,FRA,3
HKG,DEU,118560
HKG,JPN,129299113
HKG,KOR,86248021
HKG,USA,1056208
HKG,NLD,246693
HKG,ARE,100580
HKG,AUS,41400
HKG,CHN,375806103
HKG,ZAF,235
HKG,HUN,2
HKG,IND,16528605
HKG,SWE,5491
HKG,GBR,20605
HKG,MYS,2468525
HKG,CAN,15957
HKG,PRT,38740
HKG,VNM,721186576
HKG,THA,113630697
HKG,IDN,275958890
HKG,SGP,9718598
HKG,PAK,11542000
HKG,PHL,600110
HKG,ETH,1
HKG,IRN,2600
HKG,MAC,96034
HKG,BGD,127190
HKG,QAT,563
HKG,ZWE,2
ITA,SRB,8494
ITA,CZE,222877
ITA,FRA,34910641
ITA,DEU,14153355
ITA,JPN,140783
ITA,KOR,9508240
ITA,ESP,5100160
ITA,CHE,437456
ITA,USA,1349899
ITA,NLD,7971235
ITA,ARE,336269
ITA,TUR,73400501
ITA,BRA,5573518
ITA,AUS,12799
ITA,CHN,3496930
ITA,HKG,6971519
ITA,BEL,13289532
ITA,BIH,3807105
ITA,HRV,4354105
ITA,HUN,23420590
ITA,IRL,29625
ITA,POL,1375215
ITA,ROM,220045
ITA,IND,9248406
ITA,SVK,250504
ITA,SVN,20708008
ITA,SWE,3413000
ITA,GBR,3186623
ITA,MYS,1685910
ITA,ALB,19392630
ITA,AUT,23285730
ITA,BGR,39567
ITA,CAN,11421
ITA,DNK,46441
ITA,EST,5
ITA,LVA,2
ITA,LTU,3980
ITA,LUX,1980
ITA,MEX,4730
ITA,NOR,27270
ITA,PRT,69010
ITA,TUN,16
ITA,CHL,6000
ITA,MNE,1
ITA,IDN,2565920
ITA,SGP,53680
ITA,GRC,38299879
ITA,TZA,2710
ITA,EGY,5418052
ITA,PAK,20541200
ITA,DOM,501
ITA,SLV,24192
ITA,JOR,120900
ITA,BGD,53140
ITA,MLT,544631
ITA,QAT,46176
ITA,GHA,2040
ITA,PRK,136860
ITA,CPV,35
ITA,UGA,69
NCL,JPN,42740
NCL,KOR,17940
NCL,USA,850
NCL,AUS,1414214
NCL,CHN,114060
NCL,HKG,65252
NCL,NZL,1377370
NCL,VNM,14272000
NCL,THA,19160
NCL,IDN,1492960
NCL,SGP,184740
NZL,DEU,17840
NZL,JPN,59816
NZL,KOR,64745361
NZL,USA,26919
NZL,NLD,749208
NZL,ARE,1669382
NZL,AUS,22475930
NZL,CHN,4183171
NZL,FJI,4
NZL,HKG,686730
NZL,ITA,25350
NZL,WSM,1090
NZL,BEL,42840
NZL,IND,35715886
NZL,SWE,24000
NZL,GBR,634549
NZL,MYS,4555644
NZL,VNM,118336785
NZL,THA,7955544
NZL,IDN,41386365
NZL,SGP,10599505
NZL,PAK,5824000
NZL,MUS,3434
NZL,BGD,50697331
NZL,TON,557
PNG,AUS,538096
PNG,CHN,8908550
PNG,MYS,9527650
PNG,VNM,844755
PNG,THA,59146
PNG,IDN,10899932
PNG,SGP,12633570
ZAF,DEU,1683888
ZAF,JPN,151734
ZAF,KOR,3796531
ZAF,NLD,3384392
ZAF,ARE,36347750
ZAF,TUR,206494705
ZAF,AUS,222991
ZAF,CHN,2779246
ZAF,HKG,195535
ZAF,ITA,13500000
ZAF,PNG,2638615
ZAF,BEL,560483
ZAF,IND,850943683
ZAF,GBR,18569332
ZAF,MYS,66295200
ZAF,CAN,2000
ZAF,KEN,15793186
ZAF,VNM,111394256
ZAF,THA,20891234
ZAF,NAM,7536
ZAF,ZMB,25
ZAF,IDN,198209095
ZAF,SGP,30968361
ZAF,TZA,487600
ZAF,PAK,305873000
ZAF,PHL,2106432
ZAF,MAR,7129000
ZAF,MOZ,527330
ZAF,KWT,9900
ZAF,JOR,4344000
ZAF,BGD,2541011
ZAF,QAT,452
ZAF,ZWE,42
ZAF,SWZ,1965
ZAF,BWA,1957758
ZAF,LSO,32045
ZAF,MWI,4509
WSM,KOR,585000
WSM,AUS,636619
WSM,NZL,477088
WSM,SGP,436500
BEL,SRB,2000
BEL,CZE,108435
BEL,FRA,760752129
BEL,DEU,142671007
BEL,JPN,17800
BEL,KOR,504780
BEL,ESP,33812014
BEL,CHE,1076321
BEL,USA,13070561
BEL,NLD,288195346
BEL,RUS,5200
BEL,ARE,323110
BEL,TUR,1582640278
BEL,BRA,219
BEL,CHN,53366861
BEL,HKG,1420531
BEL,ITA,11894640
BEL,ZAF,1060
BEL,HRV,288126
BEL,HUN,7840
BEL,IRL,268
BEL,POL,2483625
BEL,ROM,1466
BEL,IND,62617190
BEL,GBR,1672035
BEL,SAU,5345
BEL,UKR,240300
BEL,AUT,55800
BEL,CAN,105775
BEL,COL,13965
BEL,DNK,576345
BEL,GIN,4600
BEL,ISL,5018096
BEL,ISR,5171
BEL,LUX,222495910
BEL,MEX,44140
BEL,NOR,7419
BEL,PRT,11056884
BEL,VNM,1728360
BEL,THA,2795940
BEL,IDN,222720
BEL,SGP,320
BEL,GRC,52018
BEL,EGY,848650819
BEL,PAK,30238688
BEL,CMR,7220
BEL,MAR,2
BEL,SEN,27300
BEL,OMN,28060
BEL,JOR,19280
BEL,BGD,6016140
BEL,CIV,70
BEL,DZA,20160
BEL,QAT,268
BIH,SRB,25281670
BIH,CZE,49240
BIH,DEU,3187778
BIH,NLD,306318
BIH,TUR,29977580
BIH,ITA,14128424
BIH,HRV,44943391
BIH,ROM,31079300
BIH,SVK,1404060
BIH,SVN,38168998
BIH,ALB,11683540
BIH,AUT,2407600
BIH,MNE,1776919
BIH,GRC,2933120
BIH,IRN,3575
HRV,SRB,23596430
HRV,CZE,26091400
HRV,FRA,141200
HRV,DEU,1598033
HRV,NLD,174938
HRV,TUR,125643756
HRV,CHN,95160
HRV,ITA,113768294
HRV,BIH,248965
HRV,HUN,101510
HRV,POL,642760
HRV,ROM,10426834
HRV,SVN,126655732
HRV,GBR,16100
HRV,ALB,30
HRV,AUT,2495358
HRV,MNE,18600
HRV,GRC,7014425
HRV,MKD,1358810
CYP,FRA,231370
CYP,DEU,337765
CYP,KOR,203490
CYP,ESP,42720
CYP,USA,105910
CYP,NLD,1422772
CYP,ARE,560719
CYP,CHN,431975
CYP,HKG,214160
CYP,ITA,17630
CYP,IND,6304576
CYP,GBR,2782580
CYP,AUT,1000
CYP,LVA,2696323
CYP,VNM,246570
CYP,THA,76120
CYP,MNE,923692
CYP,GRC,72753765
CYP,PAK,539070
HUN,SRB,83577852
HUN,CZE,6880979
HUN,FRA,1001717
HUN,DEU,23307280
HUN,JPN,7395
HUN,ESP,164068
HUN,CHE,1001
HUN,USA,4
HUN,NLD,1408859
HUN,TUR,71180822
HUN,CHN,300480
HUN,HKG,50248
HUN,ITA,609349814
HUN,BEL,812740
HUN,HRV,16043780
HUN,POL,7044920
HUN,ROM,776467
HUN,IND,147950
HUN,SVK,56371115
HUN,SVN,91881787
HUN,SWE,70
HUN,GBR,6136
HUN,AUT,122925300
HUN,CAN,1
HUN,LUX,11440
HUN,PAK,24390
IRL,CZE,1000
IRL,FRA,6616136
IRL,DEU,1338242
IRL,JPN,1499
IRL,KOR,754310
IRL,ESP,127064019
IRL,USA,129137
IRL,NLD,812626
IRL,ARE,7929
IRL,CHN,679313
IRL,HKG,117360
IRL,ITA,3897671
IRL,BEL,1870494
IRL,POL,3205240
IRL,IND,8398390
IRL,GBR,264430448
IRL,AUT,2700
IRL,DNK,51
IRL,NOR,100
IRL,PRT,136323623
IRL,VNM,6153990
IRL,IDN,1205880
IRL,SGP,592820
IRL,GRC,25520
IRL,PAK,6055800
IRL,BGD,6261290
POL,CZE,440763929
POL,FRA,254200
POL,DEU,1001258843
POL,JPN,44629
POL,KOR,557775
POL,ESP,28821684
POL,USA,295
POL,NLD,16526649
POL,RUS,71060
POL,TUR,59082511
POL,CHN,5616530
POL,HKG,224062
POL,ITA,25015095
POL,BEL,4251891
POL,HUN,7066578
POL,ROM,127676
POL,IND,105251534
POL,SVK,121391664
POL,SWE,8150408
POL,GBR,1574750
POL,SAU,250000
POL,AZE,18062
POL,AUT,35558500
POL,CAN,1015
POL,DNK,35187
POL,EST,11307359
POL,FIN,109976128
POL,KEN,1783020
POL,LVA,8508704
POL,LTU,2015622
POL,LUX,17160
POL,NOR,8934
POL,PRT,23610560
POL,VNM,19697544
POL,THA,944405
POL,IDN,6874685
POL,GRC,9
POL,EGY,17
POL,PAK,56855719
POL,BLR,556150
POL,MDA,37160
POL,JOR,8645
POL,BGD,5870860
POL,QAT,5
ROM,SRB,16320901
ROM,CZE,76250
ROM,FRA,1418412
ROM,DEU,11994454
ROM,NLD,3169155
ROM,ARE,114
ROM,TUR,1260523362
ROM,BRA,6
ROM,CHN,2886045
ROM,ITA,29891519
ROM,BEL,222700
ROM,HUN,26005282
ROM,POL,294580
ROM,IND,1518336
ROM,SVK,8513200
ROM,SVN,13149368
ROM,SWE,26000
ROM,GBR,6345673
ROM,UKR,18700
ROM,AUT,1998000
ROM,BGR,102176889
ROM,DNK,120846
ROM,FIN,780
ROM,ISR,162330
ROM,NOR,58
ROM,GRC,149661411
ROM,MKD,27590750
ROM,PAK,153393
ROM,MDA,5579900
ROM,JOR,45000
IND,FRA,2317
IND,DEU,477431
IND,JPN,30689
IND,KOR,189981
IND,CHE,7000
IND,USA,312500
IND,NLD,310313
IND,ARE,5301945
IND,TUR,67440
IND,BRA,34168
IND,AUS,22000
IND,CHN,25101
IND,HKG,267432
IND,ITA,836
IND,ZAF,8026
IND,BEL,331465
IND,POL,19827
IND,SVK,5330
IND,SVN,250
IND,SWE,3139055
IND,GBR,27106
IND,MYS,600850
IND,SAU,160
IND,AUT,2500
IND,CAN,3829
IND,DNK,66
IND,EST,1696
IND,FIN,13
IND,GIN,17100
IND,KEN,865
IND,MEX,41673
IND,NGA,25000
IND,NOR,45990
IND,THA,20870
IND,COG,13090
IND,SGP,556400
IND,TZA,127826
IND,PAK,29000
IND,ETH,5500
IND,CMR,52000
IND,KWT,4550
IND,MUS,200
IND,OMN,446077
IND,BGD,458418
IND,QAT,30301
IND,BHR,594090
IND,PRK,14884
IND,BWA,12500
IND,NPL,20647
IND,MWI,140
IND,RWA,290
SVK,CZE,146571851
SVK,FRA,24372
SVK,DEU,46315855
SVK,NLD,374779
SVK,ARE,24580
SVK,TUR,15445975
SVK,BRA,201450
SVK,CHN,195240
SVK,HKG,20719
SVK,ITA,180445215
SVK,BEL,746899
SVK,BIH,16844
SVK,CYP,44759
SVK,HUN,37614404
SVK,POL,80902069
SVK,ROM,15095344
SVK,IND,388566
SVK,SVN,14417307
SVK,SWE,23940
SVK,GBR,88868
SVK,UKR,471990
SVK,AUT,65510500
SVK,LVA,5565902
SVK,LTU,286306
SVK,PAK,91020
SVK,BLR,230
SVN,SRB,856825
SVN,FRA,1525026
SVN,DEU,8626141
SVN,KOR,109216780
SVN,ESP,300810
SVN,CHE,23927
SVN,NLD,13756597
SVN,TUR,7304151
SVN,CHN,144570
SVN,HKG,129270
SVN,ITA,349787259
SVN,BEL,365721
SVN,BIH,95765
SVN,HRV,26331561
SVN,HUN,90840
SVN,POL,2532
SVN,ROM,207040
SVN,IND,1163000
SVN,SVK,41585
SVN,AUT,19152000
SVN,EST,3978
SVN,GRC,10976530
SVN,PAK,731000
SOM,AUT,12500
SWE,CZE,13565
SWE,FRA,13262653
SWE,DEU,368635369
SWE,JPN,542000
SWE,KOR,90000
SWE,ESP,148200991
SWE,CHE,180
SWE,USA,204333283
SWE,NLD,43827000
SWE,ARE,517000
SWE,TUR,332509609
SWE,CHN,14358000
SWE,HKG,1216000
SWE,ITA,442053
SWE,BEL,6046236
SWE,HUN,3000
SWE,IRL,11443000
SWE,POL,37080384
SWE,ROM,10000
SWE,IND,45662952
SWE,SVN,66524
SWE,GBR,2196471
SWE,MYS,1333040
SWE,AUT,714000
SWE,DNK,233290000
SWE,EST,29162000
SWE,FIN,48829000
SWE,LVA,19287090
SWE,LTU,6343000
SWE,NOR,130254855
SWE,PRT,62587000
SWE,VNM,1507000
SWE,THA,175860
SWE,IDN,5734
SWE,SGP,13000
SWE,PAK,55049000
SWE,MAR,7126000
SWE,JOR,8000
SWE,BGD,71618000
SWE,QAT,34
SWE,NPL,4088000
GBR,CZE,48534
GBR,FRA,306330853
GBR,DEU,66974141
GBR,JPN,360122
GBR,KOR,48764340
GBR,ESP,1027994485
GBR,CHE,420
GBR,USA,176823605
GBR,KAZ,939
GBR,NLD,31867618
GBR,RUS,24300
GBR,ARE,2874653
GBR,TUR,2265409907
GBR,BRA,57190
GBR,PRY,69
GBR,AUS,76896
GBR,CHN,96930188
GBR,HKG,13013595
GBR,ITA,43471586
GBR,NZL,26847
GBR,ZAF,810
GBR,BEL,96621202
GBR,BIH,109500
GBR,CYP,2
GBR,HUN,6
GBR,IRL,3124253
GBR,POL,882901
GBR,ROM,31584
GBR,IND,806428023
GBR,SVK,73
GBR,SWE,2563326
GBR,LKA,117343
GBR,MYS,14019697
GBR,SAU,24168147
GBR,UKR,49000
GBR,AUT,4091425
GBR,BGR,901153
GBR,CAN,1252543
GBR,DNK,56895
GBR,FIN,14959870
GBR,ISL,14500
GBR,ISR,22570
GBR,KEN,25116
GBR,LVA,98280
GBR,LTU,11
GBR,MEX,30
GBR,NGA,42
GBR,NOR,1838571
GBR,PRT,525883926
GBR,VNM,78974448
GBR,THA,3138554
GBR,CHL,4781
GBR,ZMB,142
GBR,IDN,35599050
GBR,SGP,466551
GBR,GRC,1402000
GBR,EGY,738982360
GBR,PAN,347
GBR,TTO,1369
GBR,VUT,15308
GBR,PAK,344477002
GBR,PHL,123200
GBR,LBN,36
GBR,CRI,5610
GBR,CMR,24800
GBR,LBY,46000
GBR,MAR,169473531
GBR,KWT,109
GBR,MUS,8
GBR,OMN,14386393
GBR,JOR,41800
GBR,BGD,130130945
GBR,MLT,2
GBR,QAT,9603
GBR,MMR,640000
GBR,PYF,18
GBR,BHR,19011
GBR,BMU,2
GBR,MSR,13820369
LKA,HKG,64961
LKA,IND,544510
LKA,MYS,517934
LKA,SGP,356400
LKA,PAK,48000
LKA,BHR,9040
MYS,FRA,1674
MYS,DEU,2525364
MYS,JPN,6902756
MYS,KOR,10806491
MYS,ESP,70927
MYS,CHE,150
MYS,USA,555266
MYS,NLD,51653
MYS,ARE,141773
MYS,BRA,23766
MYS,AUS,186000
MYS,CHN,7058929
MYS,HKG,8346997
MYS,ZAF,190600
MYS,BEL,19018
MYS,IND,187593839
MYS,SWE,2000
MYS,LKA,52000
MYS,VNM,1792680
MYS,THA,7724885
MYS,IDN,2350914
MYS,SGP,3382480
MYS,PAK,6538000
MYS,MAC,226700
MYS,BRN,240000
MYS,OMN,12504270
MYS,PLW,3
MYS,MMR,30000
MYS,BHR,1480
SAU,DEU,104628
SAU,JPN,554120
SAU,KOR,405502
SAU,ESP,572429
SAU,USA,380939
SAU,NLD,463761
SAU,ARE,829109
SAU,HKG,291220
SAU,IND,22097379
SAU,GBR,1843455
SAU,SGP,538000
SAU,EGY,432891
SAU,PAK,6063000
SAU,OMN,24000
SAU,QAT,43890
SAU,BHR,1045500
UKR,DEU,9162665
UKR,KOR,311350
UKR,ESP,4730240
UKR,NLD,240244
UKR,ARE,50166
UKR,TUR,849191795
UKR,BEL,103560
UKR,POL,10112
UKR,ROM,55880
UKR,IND,294000
UKR,GBR,2598397
UKR,VNM,2021680
UKR,GRC,2226010
UKR,PAK,735000
UKR,LBN,8604
UKR,BLR,900
UKR,MDA,93963805
UKR,BHR,865
ALB,DEU,72050
ALB,NLD,44112
ALB,TUR,197760
ALB,ITA,591625
ALB,BEL,8499
ALB,GRC,22412030
ALB,MKD,124480
AZE,DEU,26100
AZE,ESP,572000
AZE,NLD,169000
AZE,TUR,417
AZE,ITA,322176
AZE,BEL,67722
AZE,POL,73040
AUT,SRB,14
AUT,CZE,2469718
AUT,FRA,15783106
AUT,DEU,329939000
AUT,KOR,74944
AUT,ESP,480980
AUT,CHE,46277458
AUT,USA,101187
AUT,KAZ,5615
AUT,NLD,3371330
AUT,ARE,117350
AUT,TUR,7002400
AUT,BRA,6700
AUT,CHN,1350400
AUT,HKG,23800
AUT,ITA,685423766
AUT,BEL,1484068
AUT,HRV,1086690
AUT,HUN,9871158
AUT,IRL,889400
AUT,POL,501700
AUT,ROM,2310500
AUT,IND,495100
AUT,SVK,937500
AUT,SVN,90080213
AUT,SWE,320311
AUT,GBR,114
AUT,BGR,28640
AUT,FIN,200
AUT,LUX,15
AUT,PRT,83857
AUT,VNM,440840
AUT,PAK,3520000
BOL,KOR,3256540
BOL,ESP,161140
BOL,USA,123914
BOL,NLD,18240
BOL,PRY,75000
BOL,CHN,218460
BOL,BEL,20000
BOL,PER,51372438
BOL,PRT,18000
BOL,VNM,2781010
BOL,CHL,1294460
BGR,SRB,1090
BGR,CZE,142314
BGR,FRA,15340
BGR,DEU,1090726
BGR,JPN,5974
BGR,ESP,1154554
BGR,CHE,39400
BGR,NLD,3572751
BGR,ARE,24180
BGR,TUR,331696639
BGR,CHN,71720
BGR,HKG,43320
BGR,ITA,4820856
BGR,BEL,71312
BGR,POL,18580
BGR,ROM,1231914
BGR,IND,1611606
BGR,SVN,750960
BGR,GBR,1936060
BGR,MYS,21812
BGR,UKR,19500
BGR,ALB,10041439
BGR,LUX,18925
BGR,GRC,24456898
BGR,MKD,49315422
BGR,PAK,1854319
CAN,CZE,168141
CAN,FRA,23000
CAN,DEU,20899159
CAN,JPN,188000
CAN,KOR,65032830
CAN,ESP,36553986
CAN,CHE,92
CAN,USA,3372876024
CAN,NLD,17689860
CAN,ARE,2301000
CAN,TUR,301421000
CAN,BRA,29824
CAN,CHN,108910000
CAN,HKG,4298824
CAN,ITA,54500000
CAN,BEL,1612000
CAN,POL,218959
CAN,IND,60093000
CAN,SWE,289000
CAN,GBR,4275493
CAN,MYS,4530640
CAN,SAU,45000
CAN,AUT,152000
CAN,ISL,120000
CAN,ISR,24000
CAN,KEN,25000
CAN,LTU,20000
CAN,MEX,2288
CAN,VNM,22246144
CAN,THA,1471000
CAN,IDN,1669452
CAN,GRC,102000
CAN,EGY,304119992
CAN,CUB,270000
CAN,PAK,15667000
CAN,CMR,2000
CAN,OMN,22000
CAN,BGD,19084000
CAN,QAT,8000
CAN,GRD,1000
CAN,AFG,265000
COL,JPN,21578
COL,KOR,31967487
COL,ESP,2734992
COL,CHE,103770
COL,USA,2482635
COL,NLD,3605664
COL,CHN,95507
COL,HKG,362874
COL,ITA,65539
COL,BEL,567180
COL,HRV,1,00E+05
COL,IND,542612
COL,CAN,9400
COL,MEX,55
COL,ECU,250000
COL,PAK,1241000
DNK,CZE,44046
DNK,FRA,28259052
DNK,DEU,441203753
DNK,JPN,1
DNK,ESP,138408113
DNK,CHE,11132
DNK,NLD,23947258
DNK,ARE,249915
DNK,TUR,700987415
DNK,BRA,624975
DNK,CHN,1845963
DNK,HKG,1161939
DNK,ITA,142800
DNK,BEL,21967680
DNK,CYP,6834
DNK,HUN,11340
DNK,IRL,8
DNK,POL,8634395
DNK,ROM,13479
DNK,IND,37366919
DNK,SVK,21919
DNK,SVN,911
DNK,SWE,180377289
DNK,GBR,3376899
DNK,AUT,764
DNK,BGR,7890
DNK,COL,2820
DNK,EST,11558
DNK,FIN,35009
DNK,ISL,166960
DNK,LVA,5397140
DNK,LTU,84153
DNK,LUX,77
DNK,NOR,23363560
DNK,PRT,76723897
DNK,URY,10000
DNK,CHL,1
DNK,IDN,8509520
DNK,SGP,769640
DNK,GRC,510983
DNK,PAK,12669579
EST,DEU,8070574
EST,ESP,7597244
EST,NLD,5251775
EST,TUR,471053109
EST,CHN,201750
EST,BEL,342842
EST,POL,743157
EST,IND,9201490
EST,SWE,4023000
EST,GBR,523439
EST,MYS,6171605
EST,DNK,40220
EST,FIN,27144319
EST,LVA,19166396
EST,LTU,405749
EST,NOR,2938424
EST,PRT,516702
EST,PAK,2659575
EST,SYC,22200
FIN,CZE,3857
FIN,FRA,1445942
FIN,DEU,48113506
FIN,JPN,721
FIN,KOR,18485
FIN,ESP,41567765
FIN,CHE,32
FIN,USA,4107940
FIN,NLD,3435610
FIN,RUS,25
FIN,ARE,28480
FIN,TUR,49897718
FIN,BRA,450259
FIN,CHN,7171038
FIN,HKG,1001864
FIN,ITA,28240
FIN,BEL,5881040
FIN,POL,18010024
FIN,IND,25031361
FIN,SVK,2
FIN,SWE,23457000
FIN,GBR,429970
FIN,MYS,6267780
FIN,DNK,7104194
FIN,EST,101837222
FIN,LVA,5961421
FIN,LTU,14
FIN,LUX,110
FIN,NOR,26650000
FIN,PRT,71183173
FIN,VNM,193560
FIN,THA,157040
FIN,SGP,2
FIN,EGY,10000
FIN,PAK,13247549
FIN,IRN,25
FIN,BGD,534095
FIN,BFA,27180
GAB,ESP,3150635
GAB,NLD,1030985
GAB,ARE,257511
GAB,BEL,18532
GAB,IND,5261412
GAB,MYS,12495
GAB,VNM,6370625
GAB,THA,2127736
GAB,PAK,4000
GAB,CMR,4590
GEO,DEU,34600
GEO,JPN,20890
GEO,ESP,1300
GEO,NLD,894995
GEO,ARE,41383
GEO,TUR,16274440
GEO,HKG,13820
GEO,BEL,7700
GEO,IND,261780
GEO,GBR,562530
GEO,SGP,18855
GEO,PAK,179000
GEO,IRN,46000
GEO,ARM,1056610
GIN,FRA,89000
GIN,KOR,200
GIN,ARE,1356000
GIN,ITA,205000
GIN,BEL,124290
GIN,IND,28292686
GIN,VNM,26626540
GIN,THA,2804675
GIN,PAK,2207000
GIN,MAR,60642
GIN,MSR,1065000
ISL,DEU,7722679
ISL,KOR,21000
ISL,ESP,22996680
ISL,USA,77262
ISL,NLD,11767339
ISL,BEL,106716
ISL,GBR,7877684
ISL,DNK,237233
ISL,LTU,4400
ISL,PRT,2992000
ISL,PAK,8000
ISR,FRA,1534153
ISR,DEU,4492909
ISR,JPN,794772
ISR,KOR,11373424
ISR,ESP,7631429
ISR,USA,7965972
ISR,NLD,22000495
ISR,TUR,215926460
ISR,AUS,201284
ISR,CHN,4018413
ISR,HKG,2283693
ISR,ITA,846900
ISR,BEL,3442672
ISR,IRL,1301256
ISR,POL,1200
ISR,IND,8225577
ISR,SWE,1508210
ISR,GBR,7393016
ISR,ALB,20490766
ISR,BGR,297673
ISR,LVA,236327
ISR,PRT,213485
ISR,THA,3963304
ISR,IDN,53865
ISR,SGP,325117
ISR,GRC,26084366
ISR,TZA,1318266
ISR,PHL,147419
ISR,JOR,4130193
KEN,BEL,164633
KEN,IND,1768995
KEN,THA,141588
KEN,TZA,213
KEN,PAK,1000
KEN,UGA,5420245
LVA,DEU,7473685
LVA,KOR,19500
LVA,ESP,6120001
LVA,NLD,1085438
LVA,ARE,1735580
LVA,TUR,361407108
LVA,CHN,78550
LVA,ITA,47500
LVA,BEL,163191
LVA,HUN,238010
LVA,POL,1024145
LVA,IND,19651980
LVA,SVK,6044959
LVA,SWE,582000
LVA,GBR,20200
LVA,MYS,23240
LVA,AUT,400346
LVA,DNK,8713
LVA,EST,13935165
LVA,FIN,23520
LVA,LTU,20981769
LVA,THA,99360
LVA,IDN,1003980
LVA,SGP,10
LVA,PAK,43427240
LVA,BGD,1055260
LTU,CZE,211125
LTU,FRA,42671
LTU,DEU,5264460
LTU,JPN,20464
LTU,KOR,158520
LTU,ESP,3054070
LTU,NLD,4279175
LTU,RUS,201000
LTU,TUR,365347026
LTU,HKG,108624
LTU,BEL,883211
LTU,POL,35168776
LTU,IND,5507170
LTU,SWE,38000
LTU,GBR,324198
LTU,CAN,139000
LTU,DNK,3725480
LTU,EST,18761797
LTU,FIN,11412113
LTU,LVA,98006940
LTU,NOR,152050
LTU,PRT,3681460
LTU,VNM,209880
LTU,THA,44840
LTU,PAK,5666935
LTU,BLR,8970301
LUX,CZE,3190
LUX,FRA,65838801
LUX,DEU,31433365
LUX,ESP,33891766
LUX,CHE,51450
LUX,NLD,892656
LUX,BEL,53187564
LUX,POL,22270
MEX,FRA,32359
MEX,DEU,899444
MEX,JPN,311207
MEX,KOR,73198240
MEX,ESP,1732525
MEX,USA,454025275
MEX,NLD,7013520
MEX,ARE,5174230
MEX,BRA,770526
MEX,CHN,3204879
MEX,HKG,1523241
MEX,ITA,2
MEX,BEL,138911
MEX,IND,4499046
MEX,SVK,24228
MEX,GBR,73311
MEX,CAN,4000
MEX,COL,100
MEX,ISR,1500
MEX,PER,71023046
MEX,VNM,7030518
MEX,THA,12454729
MEX,CHL,31330
MEX,IDN,48005775
MEX,ECU,41410220
MEX,PAK,362000
MEX,NIC,17914
MEX,GTM,7259894
MEX,ARB,76129
MEX,BLZ,45
MEX,SLV,8053
MEX,QAT,8
MEX,MNG,23000
NGA,FRA,37175
NGA,DEU,275990
NGA,NLD,2902502
NGA,HKG,158580
NGA,BEL,26280
NGA,IND,193000
NGA,GBR,90740
NGA,THA,50730
NGA,CMR,1500
NOR,DEU,189651077
NOR,KOR,1760
NOR,ESP,85207308
NOR,USA,3
NOR,NLD,26665900
NOR,ARE,702
NOR,BRA,9
NOR,CHN,9038730
NOR,HKG,618745
NOR,ZAF,544000
NOR,BEL,1888004
NOR,POL,3925840
NOR,ROM,16080
NOR,IND,20038347
NOR,SVK,629
NOR,SWE,65159018
NOR,GBR,17565510
NOR,DNK,66111412
NOR,FIN,302035
NOR,LVA,302
NOR,LTU,27500
NOR,PRT,46887540
NOR,VNM,39240
NOR,THA,27450
NOR,IDN,357390
NOR,PAK,5140910
NOR,CMR,9700
PER,ESP,127490
PER,USA,656243
PER,NLD,3841034
PER,CHN,14880
PER,BEL,205340
PER,CHL,98000
PER,PAN,5917
PER,ECU,21590
PRT,FRA,3165715
PRT,DEU,350775
PRT,JPN,2013
PRT,ESP,236611154
PRT,NLD,2944511
PRT,TUR,4047050
PRT,BRA,70
PRT,CHN,1288142
PRT,HKG,109660
PRT,ITA,310780
PRT,BEL,6632889
PRT,POL,147220
PRT,IND,225847
PRT,GBR,413912
PRT,DNK,2341000
PRT,EST,47870
PRT,ISR,1320
PRT,LUX,761784
PRT,NGA,8750
PRT,VNM,199920
PRT,THA,25560
PRT,SGP,7040
PRT,PAK,1807868
PRT,AGO,9001
PRT,GNB,13505
PRT,CPV,200
PRT,MWI,20
SLE,ARE,52650
SLE,BEL,844910
SLE,IND,12283520
SLE,VNM,15702665
SLE,THA,1100008
SLE,PAK,741000
VNM,FRA,1205141
VNM,JPN,3530091
VNM,KOR,14449441
VNM,ESP,22
VNM,CHE,25
VNM,NLD,43832
VNM,CHN,215849
VNM,HKG,3265498
VNM,BEL,26
VNM,IRL,5
VNM,IND,26253910
VNM,MYS,1244793
VNM,DNK,67
VNM,THA,6611145
VNM,SGP,794120
VNM,PAK,21957
VNM,LAO,8805
THA,FRA,41
THA,DEU,245529
THA,JPN,19970156
THA,KOR,71927092
THA,ESP,131683
THA,CHE,2
THA,USA,41380
THA,NLD,186944
THA,ARE,161779
THA,TUR,2
THA,AUS,780
THA,CHN,49610228
THA,HKG,3923632
THA,ITA,17435
THA,NZL,34
THA,ZAF,1499120
THA,BEL,165876
THA,POL,80
THA,IND,101648012
THA,SWE,434
THA,GBR,134501
THA,MYS,3902386
THA,CAN,1
THA,DNK,21
THA,ISR,1
THA,NOR,6224
THA,VNM,1842038
THA,IDN,96203879
THA,SGP,2113980
THA,GRC,8
THA,EGY,13
THA,PAK,3959000
THA,PHL,22004
THA,JOR,4
THA,BGD,6805831
THA,KHM,23985
THA,QAT,88
THA,MMR,732199
THA,BHR,171
THA,PRK,1267500
THA,LAO,16174875
TGO,ESP,1
TGO,ARE,298540
TGO,BEL,11955
TGO,IND,55120920
TGO,GEO,706120
TGO,VNM,59727084
TGO,THA,11468220
TGO,IDN,2971080
TGO,PAK,4662000
TUN,FRA,3024031
TUN,DEU,338657
TUN,KOR,25500
TUN,ESP,42000
TUN,NLD,552007
TUN,ARE,19270
TUN,TUR,27010
TUN,HKG,386478
TUN,ITA,11891780
TUN,BEL,1866958
TUN,IND,129000
TUN,GBR,481543
URY,KOR,1722480
URY,ESP,681883
URY,USA,131850
URY,NLD,44400
URY,BEL,175000
URY,IND,360000
URY,VNM,1819570
URY,THA,3578085
ARG,DEU,2035
ARG,NLD,6040510
ARG,BRA,117
ARG,ITA,57420
ARG,BOL,2
ARG,MEX,2
ARG,THA,164860
ARG,CHL,37610
CHL,JPN,15602
CHL,KOR,58385523
CHL,ESP,1306275
CHL,USA,2852673
CHL,NLD,1907136
CHL,BRA,480
CHL,CHN,1085452
CHL,HKG,21900
CHL,NZL,27030
CHL,BEL,5706
CHL,IND,10740224
CHL,GBR,1191591
CHL,MYS,3277544
CHL,BOL,16000
CHL,CAN,95330
CHL,COL,5798748
CHL,MEX,46
CHL,PER,10600135
CHL,VNM,146525744
CHL,THA,1504127
CHL,IDN,34589455
CHL,SGP,130806
CHL,PAN,21516
CHL,ECU,1699631
CHL,PAK,57870
CHL,DOM,1241
CHL,BGD,92000
MNE,DEU,444615
MNE,TUR,21999858
MNE,ITA,88220
MNE,BIH,22420
MNE,POL,27940
MNE,SVN,108144
MNE,ALB,28982420
NAM,FRA,5000
NAM,DEU,17203
NAM,KOR,1408265
NAM,ESP,100540
NAM,ARE,27700648
NAM,ZAF,19189351
NAM,IND,13881000
NAM,GBR,46540
NAM,VNM,6681880
NAM,THA,3588115
NAM,SGP,1734230
NAM,PAK,3163000
NAM,PHL,1024380
NAM,AGO,99
NAM,BWA,1652
ZMB,ZAF,1447746
ZMB,TZA,65000
ZMB,BWA,225
COG,FRA,4870
COG,KOR,224000
COG,ARE,867360
COG,BRA,14500
COG,IND,1633330
COG,VNM,794660
COG,THA,250700
IDN,FRA,25
IDN,DEU,4402
IDN,JPN,6038998
IDN,KOR,5299000
IDN,USA,185007
IDN,NLD,3121096
IDN,ARE,16260
IDN,BRA,88
IDN,CHN,1381546
IDN,HKG,914725
IDN,ZAF,500
IDN,IND,11261032
IDN,SWE,134000
IDN,MYS,2345013
IDN,VNM,56286
IDN,THA,42383151
IDN,CHL,750
IDN,SGP,4763810
IDN,PAK,46000
IDN,PYF,39
IDN,TMP,3920
SGP,DEU,362211
SGP,JPN,17855900
SGP,KOR,1704363
SGP,ESP,6320
SGP,USA,457792
SGP,NLD,598100
SGP,ARE,799940
SGP,TUR,10000
SGP,BRA,119371
SGP,AUS,27306
SGP,CHN,28674920
SGP,HKG,7290068
SGP,PNG,100
SGP,ZAF,13263
SGP,BEL,136650
SGP,POL,817220
SGP,IND,213699300
SGP,SWE,73000
SGP,GBR,173658
SGP,LKA,185730
SGP,MYS,134877090
SGP,CAN,14890
SGP,PRT,40416
SGP,VNM,76460800
SGP,THA,33661830
SGP,IDN,379351318
SGP,TZA,1000
SGP,PAK,23788000
SGP,PHL,138540
SGP,OMN,163460
SGP,BGD,22325920
SGP,KHM,26110
SGP,QAT,14
SGP,MMR,2540
SGP,CXR,4500
GRC,DEU,643032
GRC,KOR,2137495
GRC,ESP,204294
GRC,NLD,5462031
GRC,ARE,188900
GRC,TUR,36476191
GRC,CHN,3545910
GRC,HKG,1030710
GRC,ITA,14262658
GRC,BEL,187407
GRC,CYP,33000
GRC,IND,11597887
GRC,GBR,201850
GRC,UKR,1963
GRC,ALB,11190
GRC,AUT,45066
GRC,BGR,2788901
GRC,LVA,22000
GRC,LTU,5994
GRC,THA,25290
GRC,MKD,30110
GRC,EGY,61000
GRC,PAK,1708000
GRC,LBN,27115
MKD,SRB,526980
MKD,DEU,474983
MKD,ITA,94135
MKD,SVN,4740
MKD,ALB,31958645
MKD,BGR,57265
MKD,GRC,28321308
COD,ZAF,3500
COD,IND,10952598
COD,TZA,12000
COD,BDI,384894
COD,UGA,5357450
COD,RWA,2070939
TZA,DEU,198500
TZA,NLD,62500
TZA,ARE,641972
TZA,CHN,63000
TZA,HKG,66000
TZA,ZAF,13
TZA,IND,22256401
TZA,SWE,27000
TZA,LKA,44000
TZA,MYS,13000
TZA,KEN,32116
TZA,VNM,1680800
TZA,THA,24000
TZA,GRC,40000
TZA,COD,30000
TZA,PAK,41000
TZA,BDI,2200
TZA,UGA,89950
TZA,RWA,8500
GNQ,ESP,18810
GNQ,NLD,1000
GNQ,ARE,135770
GNQ,ZAF,22070
GNQ,IND,5471790
GNQ,CMR,35000
EGY,DEU,85430
EGY,JPN,44720
EGY,ESP,109400
EGY,USA,2246699
EGY,NLD,10430104
EGY,ARE,386795
EGY,TUR,216300
EGY,ITA,350836
EGY,IND,8075140
EGY,GBR,1291899
EGY,SAU,15500
EGY,LUX,940
EGY,MEX,10478
EGY,THA,111000
EGY,IDN,1700405
EGY,SGP,65560
EGY,GRC,121357
EGY,PAK,2506000
EGY,CMR,80
EGY,JOR,65955
EGY,QAT,70
EGY,SYR,25000
CUB,ESP,8593360
CUB,NLD,323750
CUB,ITA,314950
CUB,CAN,7000
CUB,PAK,75000
PAN,DEU,5900
PAN,JPN,188700
PAN,KOR,73253327
PAN,ESP,671640
PAN,USA,192040
PAN,NLD,314016
PAN,CHN,7686984
PAN,HKG,1678200
PAN,ZAF,5440
PAN,POL,52460
PAN,IND,553000
PAN,GBR,916943
PAN,CAN,2000
PAN,COL,6,00E+05
PAN,MEX,233550
PAN,PRT,54102
PAN,VNM,63042063
PAN,THA,45682634
PAN,IDN,7154000
PAN,ECU,21567000
PAN,PAK,181290
PAN,GTM,79000
TTO,KOR,21950915
TTO,ESP,164148
TTO,USA,118112
TTO,ARE,225903
TTO,HKG,619235
TTO,IND,1019000
TTO,GBR,100992
TTO,CAN,137000
TTO,VNM,36063740
TTO,THA,37504892
TTO,IDN,2027145
TTO,PAK,2005000
ECU,KOR,542580
ECU,ESP,907523
ECU,USA,778110
ECU,NLD,1189638
ECU,COL,52
ECU,CHL,6000
ECU,IDN,299500
ECU,PAN,363
ECU,PAK,743000
VUT,KOR,546000
VUT,NZL,881498
VUT,CHL,19430
MHL,JPN,359690
MHL,KOR,386000
MHL,ESP,115600
MHL,CHN,14400
MHL,HRV,10811
MHL,POL,1365600
MHL,UKR,29200
MHL,PRT,12261
PAK,CZE,70000
PAK,FRA,20967
PAK,DEU,63000
PAK,JPN,128000
PAK,KOR,205000
PAK,USA,86000
PAK,NLD,85000
PAK,ARE,25000
PAK,CHN,4738191
PAK,HKG,20840
PAK,BEL,120000
PAK,IND,16425000
PAK,SVN,132000
PAK,GBR,459000
PAK,MYS,114077
PAK,SAU,40000
PAK,THA,188335
PAK,SGP,5000
PAK,COD,98000
PAK,BGD,564
PAK,QAT,730
PAK,AFG,80000
PAK,UGA,53
PHL,JPN,2000617
PHL,KOR,86145319
PHL,USA,57434
PHL,NLD,124040
PHL,ARE,4000
PHL,CHN,10860
PHL,HKG,1644072
PHL,IND,3459597
PHL,SWE,39000
PHL,MYS,1577067
PHL,VNM,107188986
PHL,THA,70480304
PHL,IDN,74009770
PHL,SGP,3883220
PHL,PAK,3069000
VEN,KOR,295140
VEN,ESP,264430
VEN,COL,448835
VEN,ARB,1000
LBN,FRA,426480
LBN,KOR,227850
LBN,ESP,50
LBN,NLD,1080831
LBN,ARE,44549
LBN,TUR,262785142
LBN,IND,733485
LBN,GBR,170430
LBN,ALB,3228960
LBN,GIN,89480
LBN,ZMB,269
LBN,COG,19774
LBN,EGY,400
LBN,PAK,238000
LBN,JOR,42750
LBN,DZA,110000
LBN,QAT,161
LBN,IRQ,15000
ATG,KOR,8500
ATG,USA,34585
ATG,HRV,3680
ATG,MYS,22102
ATG,THA,2006667
COK,NZL,520249
COK,HRV,11160
VCT,USA,6204
VCT,HRV,1676
VCT,POL,18360
VCT,SVN,13340
VCT,THA,620485
MDG,CZE,21430
MDG,SGP,1025190
FRO,GBR,1854000
FRO,DNK,6222720
GRL,GBR,1530680
GRL,DNK,2888295
TCA,USA,48797
CRI,KOR,95834497
CRI,ESP,181426
CRI,USA,141849
CRI,NLD,264850
CRI,IND,865000
CRI,VNM,4885980
CRI,THA,1404380
CRI,ECU,13416603
CRI,PAK,66000
CRI,NIC,3356
CRI,GTM,13253785
DOM,FRA,25394
DOM,DEU,462
DOM,KOR,151720373
DOM,ESP,780994
DOM,USA,824297
DOM,NLD,310713
DOM,CHN,28263514
DOM,HKG,41238
DOM,ITA,574760
DOM,IND,3619177
DOM,VNM,9022165
DOM,THA,13340836
DOM,CHL,15000
DOM,IDN,17380540
DOM,ECU,1463115
DOM,PAK,64000
DOM,BGD,22838745
HND,KOR,2726165
HND,ESP,189952
HND,USA,733794
HND,NLD,22885
HND,CHN,152780
HND,IND,53003187
HND,VNM,17584300
HND,THA,44000
HND,IDN,1007740
HND,ECU,1525240
HND,PAK,298000
HND,NIC,9583
HND,GTM,36212075
HND,SLV,813057
HND,BGD,5800160
HND,PRK,474969
NIC,KOR,40704289
NIC,USA,34488
NIC,NLD,18533
NIC,HKG,42197
NIC,MEX,12000
NIC,THA,2657870
NIC,GRC,131
NIC,ECU,7949000
NIC,CRI,12865
NIC,HND,134974
NIC,GTM,12200180
NIC,SLV,18546
GTM,KOR,29349528
GTM,ESP,24000
GTM,USA,226422
GTM,NLD,262080
GTM,CHN,1900000
GTM,HKG,95778
GTM,BEL,23000
GTM,IND,238370
GTM,VNM,952170
GTM,THA,916139
GTM,SGP,20530
GTM,ECU,40000
GTM,PAK,735000
GTM,HND,1294
GTM,SLV,1751000
GTM,PRK,1176000
ETH,ARE,2000
ETH,DJI,148410
ETH,YEM,15000
DJI,KOR,339520
DJI,ESP,5500
DJI,IND,385000
DJI,ETH,960000
BLR,DEU,2416643
BLR,NLD,1220301
BLR,RUS,6370589
BLR,POL,1,00E+05
BLR,EST,2261400
BLR,LVA,2406645
BLR,LTU,755931
BHS,FRA,8040
BHS,JPN,195610
BHS,KOR,170
BHS,ESP,192698
BHS,USA,103587
BHS,NLD,111703
BHS,ARE,452839
BHS,CHN,100224
BHS,HKG,77668
BHS,IND,225000
BHS,MYS,1962100
BHS,NOR,37520
BHS,PRT,92197
BHS,THA,18096514
BHS,ARG,2042
BHS,PAK,169000
CMR,FRA,5240
CMR,USA,10891
CMR,IND,490280
CMR,GNQ,38
CMR,TCD,30000
LBY,FRA,21790
LBY,ESP,179540
LBY,NLD,1401065
LBY,ARE,1608977
LBY,TUR,2666246
LBY,HKG,1,00E+05
LBY,IND,1269220
LBY,MYS,885
LBY,PAK,5419000
MAR,FRA,410576
MAR,DEU,59030
MAR,ESP,53914327
MAR,CHE,75580
MAR,NLD,1017470
MAR,ARE,52710
MAR,ITA,19960
MAR,IND,2706190
MAR,GBR,2736569
MAR,PRT,2985920
MAR,PAK,4158000
ARB,FRA,335000
ARB,KOR,690550
ARB,ESP,725761
ARB,USA,98619
ARB,NLD,797000
ARB,BRA,18000
ARB,CHN,214200
ARB,SVN,268580
ARB,MEX,18000
ARB,THA,2424777
ARB,DOM,3225
ARB,JOR,2649199
SMR,FRA,61530
SEN,FRA,55312
SEN,NLD,108181
SEN,ARE,54580
SEN,ITA,1792
SEN,IND,37448630
SEN,VNM,36646248
SEN,THA,3320600
SEN,IDN,2093190
SEN,PAK,3054000
HTI,DEU,24000
HTI,KOR,2433814
HTI,ESP,19382
HTI,NLD,19199
HTI,IND,1489000
HTI,MYS,272210
HTI,VNM,25119838
HTI,THA,25260990
IRN,DEU,299817
IRN,ARE,319450
IRN,IND,107000
IRN,PAK,69771000
KGZ,DEU,406260
KGZ,NLD,311457
KGZ,LTU,181580
KGZ,PAK,48000
MDA,DEU,334695
MDA,NLD,1125000
MDA,TUR,3026150
MDA,UKR,10781
MOZ,DEU,16500
MOZ,KOR,786880
MOZ,ARE,74756
MOZ,TUR,9568120
MOZ,ZAF,674693
MOZ,IND,19919385
MOZ,MYS,165520
MOZ,VNM,20593176
MOZ,THA,1481820
MOZ,IDN,8513000
MOZ,TZA,449665
MOZ,MWI,3225
TKM,DEU,2200
UZB,DEU,362138
UZB,KAZ,197550
UZB,RUS,630
YEM,DEU,96360
YEM,NLD,442685
YEM,ARE,5466480
YEM,CHN,93913
YEM,IND,2268
YEM,SAU,8302
YEM,THA,8733
YEM,PAK,85000
YEM,JOR,18288457
LBR,ESP,4730
LBR,TUR,189550
LBR,IND,5123265
LBR,GBR,16028
LBR,PRT,67718
LBR,VNM,14476897
LBR,THA,674100
LBR,GRC,12000
BLZ,KOR,22303
BLZ,USA,433905
BLZ,HKG,18723
BLZ,IND,68000
BLZ,GBR,45723
BLZ,UKR,24970
BLZ,MEX,3167000
BLZ,PAK,5000
BLZ,GTM,4381050
BLZ,JAM,9145
SLV,CZE,15566
SLV,KOR,22306593
SLV,ESP,49332
SLV,USA,66090
SLV,CHN,161480
SLV,IND,10443175
SLV,GBR,392162
SLV,VNM,7297135
SLV,THA,293087
SLV,PAK,1609000
SLV,HND,75000
SLV,GTM,1415230
SLV,PRK,106890
MLI,ITA,1100
MLI,IND,931060
MLI,GIN,10000
GUM,KOR,2040761
GUM,HKG,20000
KWT,JPN,220000
KWT,KOR,206200
KWT,USA,58000
KWT,NLD,80860
KWT,ARE,945976
KWT,CHN,52000
KWT,HKG,20710
KWT,IND,150165239
KWT,SAU,337313
KWT,VNM,417884
KWT,THA,329260
KWT,PAK,70892000
KWT,VEN,8124000
KWT,JOR,1779361
MAC,HKG,62973019
MNP,KOR,92800
MNP,HKG,21368
FSM,KOR,264000
FSM,HKG,10000
FSM,THA,85000
BRN,KOR,250000
BRN,IND,56000
BRN,MYS,5756000
BRN,THA,10668591
BRN,IDN,15674090
BRN,SGP,30453380
DMA,KOR,398304
DMA,ARE,12450
DMA,THA,513010
DMA,IDN,527340
MUS,KOR,399190
MUS,ARE,2921113
MUS,CHN,17000
MUS,IND,15418140
MUS,MYS,20300
MUS,VNM,11689701
MUS,THA,2001545
MUS,IDN,809365
MUS,SGP,2179400
MUS,PAK,5311000
MUS,PHL,2936000
OMN,KOR,224000
OMN,ARE,5073426
OMN,IND,57547720
OMN,VNM,1459050
OMN,THA,107140
OMN,IDN,442570
OMN,SGP,450000
OMN,TZA,26940
OMN,PAK,43496000
OMN,QAT,63
JOR,KOR,38340
JOR,NLD,117575
JOR,ARE,131670
JOR,CHN,20430
JOR,IND,4490515
JOR,GBR,111074
JOR,ISR,10570
JOR,EGY,653613
JOR,PAK,2435000
JOR,BGD,316080
JOR,PSE,62300
BGD,JPN,6000
BGD,ESP,95
BGD,ARE,4072
BGD,TUR,44840
BGD,ITA,173830
BGD,IND,10042602
BGD,SGP,173450
BGD,PAK,10000
CIV,NLD,498495
CIV,ARE,34550
CIV,ITA,1668
CIV,IND,1386575
CIV,VNM,393475
CIV,JOR,4250
CIV,PLW,6
MLT,FRA,5284
MLT,DEU,57777
MLT,KOR,1170
MLT,NLD,117498
MLT,ARE,53592
MLT,TUR,46122591
MLT,ITA,674369
MLT,ZAF,10899
MLT,IND,2174670
MLT,GBR,372101
MLT,UKR,47000
MLT,THA,97750
MLT,PAK,169000
PSE,JOR,42005550
ANT,KOR,51500
ANT,ZAF,218302
DZA,KOR,23992
DZA,ESP,130840
AGO,KOR,263000
AGO,NLD,62800
AGO,ARE,1202312
AGO,TUR,11729650
AGO,IND,120703708
AGO,MYS,1075330
AGO,VNM,42228810
AGO,THA,5574948
AGO,PAK,1226000
KHM,KOR,1150
KHM,VNM,12150720
KHM,THA,10236190
KHM,SGP,36210
GMB,KOR,260460
GMB,IND,1563610
GMB,VNM,10536190
GMB,THA,4399430
GMB,SGP,514290
GMB,PAK,2121000
GUY,KOR,128320
GUY,NLD,17470
GUY,TUR,1300000
GUY,MYS,1475510
GUY,THA,6427085
GUY,PAK,62000
HMD,KOR,135460
JAM,KOR,7716329
JAM,ESP,116850
JAM,USA,248177
JAM,NLD,36360
JAM,ARE,7787897
JAM,CHN,36172667
JAM,HKG,264000
JAM,IND,549230
JAM,MYS,995448
JAM,CAN,627830
JAM,VNM,38855860
JAM,THA,14227419
JAM,IDN,9291069
JAM,SGP,2587225
JAM,PAK,388000
JAM,DOM,43310
JAM,PRK,1745396
PLW,KOR,12000
PLW,CHN,62600
PLW,HKG,51660
PLW,AND,2
QAT,KOR,18000
QAT,NLD,19110
QAT,ARE,18899472
QAT,IND,2210135
QAT,PRT,2143
QAT,PAK,14672000
LCA,KOR,68200
LCA,USA,467504
LCA,ARE,97330
LCA,CHN,414910
LCA,HKG,15550
LCA,IND,56000
LCA,MYS,167559
LCA,CAN,208655
LCA,VNM,288810
LCA,THA,1291937
SUR,KOR,206890
SUR,ESP,2961995
SUR,USA,2247
SUR,NLD,25712
SUR,PRT,8555750
SUR,VNM,30369198
SUR,THA,1162195
TON,KOR,1174616
TON,NZL,983048
TON,SGP,92790
BRB,USA,7894
BRB,NLD,8339
BRB,POL,17080
BRB,MYS,943760
BRB,THA,6378447
BRB,PAK,28000
MMR,MYS,443082
MMR,THA,1128988
BEN,NLD,58900
BEN,ARE,46000
BEN,IND,12223060
BEN,MYS,166880
BEN,VNM,27621470
BEN,THA,8578840
BEN,SGP,1261420
PYF,CHN,23332
PYF,HKG,49310
PYF,NZL,52566448
PYF,MYS,174583
PYF,VNM,200990
PYF,SGP,33300
SYC,ARE,106250
SYC,IND,1708000
SYC,PAK,221000
SYC,MUS,857856
ASM,NZL,4517880
ASM,IND,665000
SLB,NZL,12000
SLB,SGP,485760
GRD,THA,301919
GNB,ARE,20435
GNB,IND,688280
GNB,PRT,653488
GNB,VNM,623965
GNB,PAK,104000
AND,ESP,6496647
AND,CHE,82550
AND,NLD,71320
AND,PRT,1335
ARM,DEU,233490
ARM,CHE,4
ARM,NLD,271360
ARM,BLZ,24710
GHA,ESP,4
GHA,NLD,473267
GHA,IND,29700045
GHA,VNM,21699460
GHA,THA,1597085
GHA,PAK,1705000
NIU,NZL,12000
NFK,NZL,785
AFG,ARE,11726
AFG,PAK,263067000
BHR,KOR,265000
BHR,USA,20000
BHR,ARE,24541242
BHR,CHN,142000
BHR,IND,104944985
BHR,SAU,56600
BHR,VNM,2815899
BHR,THA,2087500
BHR,SGP,22310
BHR,PAK,22977000
BHR,KWT,24
SGS,PAK,503000
PRK,IND,633800
PRK,PAK,180000
MRT,ARE,53925
MRT,TUR,2913300
MRT,IND,23031530
MRT,VNM,17108892
MRT,THA,2924555
MRT,PAK,1659000
UMI,PAK,3000
ZWE,ZAF,36649462
ZWE,PAK,515000
SWZ,ARE,109980
SWZ,ZAF,14700748
SWZ,PAK,152000
KNA,USA,129509
KNA,POL,34980
KNA,UKR,9950
CPV,ARE,196260
CPV,IND,4512575
CPV,PRT,188055
STP,PRT,287427
SYR,ARE,52834
SYR,QAT,20
BDI,ARE,50400
BDI,HKG,19050
BDI,IND,50250
BDI,KEN,536650
BDI,COD,3150
BDI,TZA,1113480
BDI,UGA,4860245
BDI,RWA,703360
UGA,TZA,13200
UGA,RWA,2136
BWA,USA,30940
BWA,ARE,985808
BWA,ZAF,20155133
BWA,IND,4562090
BWA,ZMB,4045
BWA,PAK,77740
BWA,ZWE,37000
COM,ARE,115560
COM,IND,1950110
COM,SGP,244910
COM,TZA,216000
IRQ,ARE,501852
IRQ,IND,2000
MDV,ARE,145300
MDV,IND,6118337
NPL,CHN,3000
NPL,IND,1076117
TMP,IND,530000
TMP,SGP,867520
SHN,ZAF,6000
SHN,IND,47467
LAO,VNM,1844100
LAO,THA,1631850
VGB,USA,42675
VGB,TUR,2142900
VGB,SVN,105580
GIB,ESP,4637030
GIB,ZAF,10280
GIB,GBR,215700
LSO,ZAF,3476949
MWI,ZAF,101777
MWI,KEN,40000
MWI,NOR,20000
MWI,TZA,3123500
MWI,MOZ,1
BMU,ESP,202460
BMU,USA,247905
CYM,ESP,1800
CYM,USA,5415959
RWA,DEU,167928
RWA,CHN,24000
RWA,KEN,84000
RWA,COD,4,00E+05
RWA,TZA,194796
RWA,BDI,3000
RWA,UGA,13400675
MNG,CHN,770800